Complexity,Loss,Equation
1,53.107227,"x"
2,51.9444,"exp(x)"
3,49.249382,"8.662946 ^ x"
4,40.65418,"tan(-0.9409333 - x)"
6,39.55752,"tan(x + -2.2230759) * -0.8577585"
7,37.286415,"tan((0.6469784 * x) + tan(x))"
9,34.209465,"tan(tan((x + -0.100116864) + x) * -25.028517)"
11,33.780624,"tan((x + (x * 13.978025)) + 17.94133) * tan(x)"
12,32.023197,"tan(x + ((17.941277 + x) * 13.959362)) * (x + 0.64431393)"
13,31.734228,"(x + exp(-0.75205386)) * tan(((17.941277 + x) * 13.959362) + x)"
14,30.959324,"(tan(x) + exp(-0.75205386)) * tan(x + ((17.941277 + x) * 13.959362))"
16,30.795752,"(tan(x) + (tan(17.94133 + ((13.978025 * x) + x)) * exp(x))) * x"
17,30.224627,"(x + (x + (tan(17.94133 + (x + (13.978025 * x))) * exp(x)))) * x"
18,27.993065,"((tan(1.0256587 / x) + tan(17.94133 + ((x * 13.978025) + x))) * exp(x)) * x"
20,24.910067,"-0.119134694 + ((tan(17.94133 + ((x * 13.978025) + x)) + (tan(1.0256587 / x) * exp(x))) * x)"
